{
  "ID": 0,
  "RunnerName": "jim march",
  "Email": "jim@jimmarch.com",
  "RaceName": "Warrior Dash",
  "ProjectedPace": 11.75,
  "TotalDistance": 100,
  "StartTime": "2025-04-26T08:00:00-05:00",
  "AidStations": [
    {
      "Name": "Start",
      "MilesIn": 0,
      "MilesFromLast": 0,
      "PredictedPace": 11,
      "EstimatedArrival": "2025-04-26T08:00:00-05:00",
      "Log": {
        "Food": null,
        "Drink": null,
        "Notes": "Started 2 minutes late",
        "ArrivalTime": "2025-04-25T13:02:00Z"
      },
      "DelayShiftMinutes": 2,
      "PaceAdjustment": 0
    },
    {
      "Name": "Mile 10 - Creek Crossing",
      "MilesIn": 10,
      "MilesFromLast": 10,
      "PredictedPace": 11,
      "EstimatedArrival": "2025-04-26T09:52:00-05:00",
      "Log": {
        "Food": "PB\u0026J",
        "Drink": "Tailwind",
        "Notes": "Soaked Shoes",
        "ArrivalTime": "2025-04-25T14:55:00Z"
      },
      "DelayShiftMinutes": 5,
      "PaceAdjustment": 1
    },
    {
      "Name": "Mile 25 - Tree Line",
      "MilesIn": 25,
      "MilesFromLast": 15,
      "PredictedPace": 11.5,
      "EstimatedArrival": "2025-04-26T13:04:30-05:00",
      "Log": {
        "Food": null,
        "Drink": null,
        "Notes": null,
        "ArrivalTime": "0001-01-01T00:00:00"
      },
      "DelayShiftMinutes": 0,
      "PaceAdjustment": 0
    },
    {
      "Name": "Mile 40 - Bluff Aid",
      "MilesIn": 40,
      "MilesFromLast": 15,
      "PredictedPace": 12,
      "EstimatedArrival": "2025-04-26T16:19:30-05:00",
      "Log": {
        "Food": null,
        "Drink": null,
        "Notes": null,
        "ArrivalTime": "0001-01-01T00:00:00"
      },
      "DelayShiftMinutes": 0,
      "PaceAdjustment": 0
    },
    {
      "Name": "Mile 60 - Campground",
      "MilesIn": 60,
      "MilesFromLast": 20,
      "PredictedPace": 13,
      "EstimatedArrival": "2025-04-26T20:59:30-05:00",
      "Log": {
        "Food": null,
        "Drink": null,
        "Notes": null,
        "ArrivalTime": "0001-01-01T00:00:00"
      },
      "DelayShiftMinutes": 0,
      "PaceAdjustment": 0
    },
    {
      "Name": "Mile 80 - Ridge Outpost",
      "MilesIn": 80,
      "MilesFromLast": 20,
      "PredictedPace": 12.5,
      "EstimatedArrival": "2025-04-27T01:29:30-05:00",
      "Log": {
        "Food": null,
        "Drink": null,
        "Notes": null,
        "ArrivalTime": "0001-01-01T00:00:00"
      },
      "DelayShiftMinutes": 0,
      "PaceAdjustment": 0
    },
    {
      "Name": "Mile 95 - Final Stretch",
      "MilesIn": 95,
      "MilesFromLast": 15,
      "PredictedPace": 12,
      "EstimatedArrival": "2025-04-27T04:44:30-05:00",
      "Log": {
        "Food": null,
        "Drink": null,
        "Notes": null,
        "ArrivalTime": "0001-01-01T00:00:00"
      },
      "DelayShiftMinutes": 0,
      "PaceAdjustment": 0
    },
    {
      "Name": "Finish Line",
      "MilesIn": 100,
      "MilesFromLast": 5,
      "PredictedPace": 11,
      "EstimatedArrival": "2025-04-27T05:44:30-05:00",
      "Log": {
        "Food": null,
        "Drink": null,
        "Notes": null,
        "ArrivalTime": "0001-01-01T00:00:00"
      },
      "DelayShiftMinutes": 0,
      "PaceAdjustment": 0
    }
  ],
  "SharedWithEmails": []
}